{"MSE": 2.453983836538874, "_timestamp": 1686077815.2097597, "_runtime": 13.258349657058716, "_step": 0, "_wandb": {"runtime": 12}}