{"MSE": 2.4528791442399367, "_timestamp": 1686078669.129284, "_runtime": 16.701165914535522, "_step": 0, "_wandb": {"runtime": 16}}