{"MSE": 2.4533748137793148, "_timestamp": 1686078754.4761515, "_runtime": 24.756044387817383, "_step": 0, "_wandb": {"runtime": 24}}