{"MSE": 2.45322215495363, "_timestamp": 1686078645.2344604, "_runtime": 23.150087356567383, "_step": 0, "_wandb": {"runtime": 22}}