{"MSE": 2.4531558126916537, "_timestamp": 1686078722.2733328, "_runtime": 17.973594903945923, "_step": 0, "_wandb": {"runtime": 17}}