{"MSE": 2.4531558126916537, "_timestamp": 1686078698.0080547, "_runtime": 19.115285634994507, "_step": 0, "_wandb": {"runtime": 17}}